category_name_english,category_group
health_beauty,Health & Beauty
watches_gifts,Fashion & Accessories
perfumery,Health & Beauty
bed_bath_table,Home & Furniture
computers_accessories,Electronics & Tech
sports_leisure,Sports & Leisure
furniture_decor,Home & Furniture
housewares,Home & Furniture
telephony,Electronics & Tech
auto,Auto & Tools
toys,Toys & Baby
cool_stuff,Gifts & Cool Stuff
garden_tools,Home & Furniture
fashion_bags_accessories,Fashion & Accessories
baby,Toys & Baby
stationery,Office & Stationery
office_furniture,Office & Stationery
computers,Electronics & Tech
pet_shop,Pet Shop
electronics,Electronics & Tech
consoles_games,Electronics & Tech
fashion_shoes,Fashion & Accessories
luggage_accessories,Fashion & Accessories
home_appliances,Home Appliances
home_appliances_2,Home Appliances
home_construction,Auto & Tools
books_general_interest,Books & Media
musical_instruments,Arts & Entertainment
small_appliances,Home Appliances
food_drink,Food & Drink
books_technical,Books & Media
music,Books & Media
fashion_male_clothing,Fashion & Accessories
fixed_telephony,Electronics & Tech
market_place,Other
construction_tools_construction,Auto & Tools
agro_industry_and_commerce,Industry & Business
art,Arts & Entertainment
home_comfort_2,Home & Furniture
articles_of_ruedas,Auto & Tools
drinks,Food & Drink
signaling_and_security,Industry & Business
construction_tools_lighting,Auto & Tools
industry_commerce_and_business,Industry & Business
food,Food & Drink
costruction_tools_garden,Auto & Tools
furniture_living_room,Home & Furniture
furniture_bedroom,Home & Furniture
audio,Electronics & Tech
home_confort,Home & Furniture
books_imported,Books & Media
kitchen_dining_laundry_garden_furniture,Home & Furniture
costruction_tools_tools,Auto & Tools
fashion_underwear_beach,Fashion & Accessories
party_supplies,Arts & Entertainment
dvds_blu_ray,Books & Media
arts_and_craftmanship,Arts & Entertainment
furniture_mattress_and_upholstery,Home & Furniture
tablets_printing_image,Electronics & Tech
cine_photo,Electronics & Tech
fashion_sport,Fashion & Accessories
fashio_female_clothing,Fashion & Accessories
la_cuisine,Home & Furniture
flowers,Gifts & Cool Stuff
diapers_and_hygiene,Toys & Baby
security_and_services,Industry & Business
furniture_work_space,Home & Furniture
fashion_childrens_clothes,Fashion & Accessories
cds_dvds_musicals,Books & Media
pc_gaming,Electronics & Tech
portable_kitchen_and_food_preparers,Home Appliances
unknown,Other
